,Scott Road,Columbia,New Westminster,22nd Street,Edmonds,Royal Oak,Metrotown,Patterson,Joyce–Collingwood,29th Avenue,Nanaimo,Commercial–Broadway,Main Street–Science World,Stadium–Chinatown,Granville,Burrard,Waterfront,Lougheed Town Centre,Production Way–University,Braid,Sapperton,Gateway,Surrey Central,King George,Lincoln,Lafarge Lake–Douglas,Coquitlam Central,Inlet Centre,Moody Centre,Burquitlam,Lake City Way,Sperling–Burnaby Lake,Holdom,Brentwood Town Centre,Gilmore,Rupert,Renfrew,VCC–Clark,Aberdeen,Lansdowne,Richmond–Brighouse,Vancouver City Centre,Yaletown–Roundhouse,Olympic Village,Broadway–City Hall,King Edward,Oakridge-41st Avenue,Langara-49th Avenue,Marine Drive,Bridgeport,Templeton,Sea Island Centre,YVR–Airport
Scott Road,0.00km - $0.00,2.47km - $2.30,3.08km - $2.30,5.97km - $2.45,7.99km - $2.75,10.43km - $3.09,11.74km - $3.22,12.53km - $3.30,14.20km - $3.47,15.42km - $3.57,16.29km - $3.61,18.25km - $3.71,21.01km - $3.85,22.07km - $4.40,22.72km - $4.40,23.11km - $4.40,24.01km - $4.40,8.30km - $2.79,9.97km - $3.05,6.19km - $2.48,5.07km - $2.31,2.31km - $2.30,3.43km - $2.30,4.27km - $2.30,18.69km - $3.73,19.29km - $3.76,17.82km - $3.69,15.80km - $3.59,14.52km - $3.50,10.24km - $3.07,11.52km - $3.20,13.42km - $3.39,14.88km - $3.54,16.35km - $3.62,17.25km - $3.66,18.88km - $3.74,19.79km - $3.79,19.09km - $3.75,36.53km - $4.40,37.57km - $4.40,38.29km - $4.40,24.56km - $4.40,25.64km - $4.40,26.64km - $4.40,27.07km - $4.40,28.59km - $4.40,30.50km - $4.40,31.27km - $4.40,33.12km - $4.40,34.96km - $4.40,36.54km - $4.40,37.50km - $4.40,39.00km - $4.40
Columbia,2.47km - $2.30,0.00km - $0.00,0.62km - $2.30,3.51km - $2.30,5.53km - $2.38,7.97km - $2.74,9.28km - $2.94,10.06km - $3.06,11.73km - $3.22,12.96km - $3.35,13.83km - $3.43,15.78km - $3.59,18.54km - $3.73,19.61km - $3.78,20.26km - $3.81,20.64km - $3.83,21.54km - $3.88,5.83km - $2.42,7.50km - $2.68,3.72km - $2.30,2.60km - $2.30,4.77km - $2.30,5.90km - $2.43,6.73km - $2.56,16.22km - $3.61,16.82km - $3.64,15.35km - $3.57,13.34km - $3.38,12.05km - $3.26,7.77km - $2.72,9.05km - $2.91,10.95km - $3.15,12.41km - $3.29,13.88km - $3.44,14.79km - $3.53,16.41km - $3.62,17.32km - $3.67,16.62km - $3.63,34.06km - $4.40,35.11km - $4.40,35.83km - $4.40,22.10km - $4.40,23.17km - $4.40,24.18km - $4.40,24.61km - $4.40,26.13km - $4.40,28.04km - $4.40,28.80km - $4.40,30.65km - $4.40,32.50km - $4.40,34.08km - $4.40,35.04km - $4.40,36.53km - $4.40
New Westminster,3.08km - $2.30,0.62km - $2.30,0.00km - $0.00,2.89km - $2.30,4.91km - $2.30,7.35km - $2.65,8.66km - $2.85,9.45km - $2.97,11.12km - $3.16,12.34km - $3.28,13.21km - $3.37,15.16km - $3.56,17.93km - $3.70,18.99km - $3.75,19.64km - $3.78,20.03km - $3.80,20.93km - $3.85,6.45km - $2.52,8.12km - $2.77,4.34km - $2.30,3.22km - $2.30,5.39km - $2.36,6.51km - $2.53,7.35km - $2.65,16.84km - $3.64,17.44km - $3.67,15.97km - $3.60,13.96km - $3.45,12.67km - $3.32,8.39km - $2.81,9.67km - $3.00,11.57km - $3.21,13.03km - $3.35,14.50km - $3.50,15.40km - $3.57,17.03km - $3.65,17.02km - $3.65,16.01km - $3.60,33.45km - $4.40,34.49km - $4.40,35.21km - $4.40,21.48km - $3.87,22.56km - $4.40,23.56km - $4.40,23.99km - $4.40,25.51km - $4.40,27.42km - $4.40,28.18km - $4.40,30.04km - $4.40,31.88km - $4.40,33.46km - $4.40,34.42km - $4.40,35.92km - $4.40
22nd Street,5.97km - $2.45,3.51km - $2.30,2.89km - $2.30,0.00km - $0.00,2.02km - $2.30,4.46km - $2.30,5.77km - $2.42,6.55km - $2.53,8.22km - $2.78,9.45km - $2.97,10.32km - $3.08,12.27km - $3.28,15.03km - $3.55,16.10km - $3.60,16.75km - $3.64,17.13km - $3.66,18.03km - $3.70,9.34km - $2.95,11.01km - $3.15,7.23km - $2.63,6.11km - $2.47,8.28km - $2.79,9.41km - $2.96,10.24km - $3.07,19.73km - $3.79,20.33km - $3.82,18.86km - $3.74,16.85km - $3.64,15.56km - $3.58,11.28km - $3.18,12.56km - $3.31,14.46km - $3.50,15.92km - $3.60,17.39km - $3.67,16.66km - $3.63,15.03km - $3.55,14.13km - $3.46,13.11km - $3.36,30.55km - $4.40,31.60km - $4.40,32.32km - $4.40,18.59km - $3.73,19.66km - $3.78,20.67km - $3.83,21.10km - $3.85,22.62km - $4.40,24.53km - $4.40,25.29km - $4.40,27.14km - $4.40,28.99km - $4.40,30.57km - $4.40,31.53km - $4.40,33.02km - $4.40
Edmonds,7.99km - $2.75,5.53km - $2.38,4.91km - $2.30,2.02km - $2.30,0.00km - $0.00,2.44km - $2.30,3.75km - $2.30,4.53km - $2.30,6.21km - $2.48,7.43km - $2.66,8.30km - $2.79,10.25km - $3.08,13.01km - $3.35,14.08km - $3.46,14.73km - $3.52,15.11km - $3.56,16.02km - $3.60,11.36km - $3.19,13.03km - $3.35,9.25km - $2.94,8.13km - $2.77,10.30km - $3.08,11.43km - $3.19,12.26km - $3.28,21.75km - $3.89,22.35km - $4.40,20.88km - $3.84,18.87km - $3.74,17.58km - $3.68,13.30km - $3.38,14.58km - $3.51,16.48km - $3.62,17.02km - $3.65,15.55km - $3.58,14.64km - $3.51,13.01km - $3.35,12.11km - $3.26,11.09km - $3.16,28.53km - $4.40,29.58km - $4.40,30.30km - $4.40,16.57km - $3.63,17.64km - $3.68,18.65km - $3.73,19.08km - $3.75,20.60km - $3.83,22.51km - $4.40,23.27km - $4.40,25.12km - $4.40,26.97km - $4.40,28.55km - $4.40,29.51km - $4.40,31.01km - $4.40
Royal Oak,10.43km - $3.09,7.97km - $2.74,7.35km - $2.65,4.46km - $2.30,2.44km - $2.30,0.00km - $0.00,1.31km - $2.30,2.10km - $2.30,3.77km - $2.30,4.99km - $2.30,5.86km - $2.43,7.81km - $2.72,10.58km - $3.11,11.64km - $3.21,12.29km - $3.28,12.68km - $3.32,13.58km - $3.41,13.80km - $3.43,15.47km - $3.57,11.69km - $3.22,10.57km - $3.11,12.74km - $3.32,13.86km - $3.44,14.70km - $3.52,24.19km - $4.40,24.79km - $4.40,23.32km - $4.40,21.30km - $3.87,20.02km - $3.80,15.74km - $3.59,17.02km - $3.65,16.04km - $3.60,14.58km - $3.51,13.11km - $3.36,12.21km - $3.27,10.58km - $3.11,9.67km - $3.00,8.66km - $2.85,26.10km - $4.40,27.14km - $4.40,27.86km - $4.40,14.13km - $3.46,15.21km - $3.56,16.21km - $3.61,16.64km - $3.63,18.16km - $3.71,20.07km - $3.80,20.84km - $3.84,22.69km - $4.40,24.53km - $4.40,26.11km - $4.40,27.07km - $4.40,28.57km - $4.40
Metrotown,11.74km - $3.22,9.28km - $2.94,8.66km - $2.85,5.77km - $2.42,3.75km - $2.30,1.31km - $2.30,0.00km - $0.00,0.78km - $2.30,2.46km - $2.30,3.68km - $2.30,4.55km - $2.30,6.50km - $2.53,9.27km - $2.94,10.33km - $3.08,10.98km - $3.15,11.37km - $3.19,12.27km - $3.28,15.11km - $3.56,16.78km - $3.64,13.00km - $3.35,11.88km - $3.24,14.05km - $3.46,15.18km - $3.56,16.01km - $3.60,25.50km - $4.40,26.10km - $4.40,24.63km - $4.40,22.62km - $4.40,21.33km - $3.87,17.05km - $3.65,16.63km - $3.63,14.73km - $3.52,13.27km - $3.38,11.80km - $3.23,10.90km - $3.14,9.27km - $2.94,8.36km - $2.80,7.35km - $2.65,24.79km - $4.40,25.83km - $4.40,26.55km - $4.40,12.82km - $3.33,13.90km - $3.44,14.90km - $3.54,15.33km - $3.57,16.85km - $3.64,18.76km - $3.74,19.52km - $3.78,21.38km - $3.87,23.22km - $4.40,24.80km - $4.40,25.76km - $4.40,27.26km - $4.40
Patterson,12.53km - $3.30,10.06km - $3.06,9.45km - $2.97,6.55km - $2.53,4.53km - $2.30,2.10km - $2.30,0.78km - $2.30,0.00km - $0.00,1.67km - $2.30,2.90km - $2.30,3.77km - $2.30,5.72km - $2.41,8.48km - $2.82,9.55km - $2.98,10.20km - $3.07,10.58km - $3.11,11.48km - $3.20,15.89km - $3.59,17.39km - $3.67,13.78km - $3.43,12.66km - $3.32,14.83km - $3.53,15.96km - $3.60,16.79km - $3.64,26.28km - $4.40,26.88km - $4.40,25.41km - $4.40,23.40km - $4.40,22.12km - $4.40,17.83km - $3.69,15.84km - $3.59,13.94km - $3.44,12.48km - $3.30,11.02km - $3.15,10.11km - $3.06,8.48km - $2.82,7.57km - $2.69,6.56km - $2.53,24.00km - $4.40,25.05km - $4.40,25.77km - $4.40,12.04km - $3.25,13.11km - $3.36,14.12km - $3.46,14.55km - $3.50,16.07km - $3.60,17.98km - $3.70,18.74km - $3.74,20.59km - $3.83,22.43km - $4.40,24.01km - $4.40,24.97km - $4.40,26.47km - $4.40
Joyce–Collingwood,14.20km - $3.47,11.73km - $3.22,11.12km - $3.16,8.22km - $2.78,6.21km - $2.48,3.77km - $2.30,2.46km - $2.30,1.67km - $2.30,0.00km - $0.00,1.22km - $2.30,2.09km - $2.30,4.05km - $2.30,6.81km - $2.57,7.87km - $2.73,8.52km - $2.83,8.91km - $2.89,9.81km - $3.02,17.39km - $3.67,15.72km - $3.59,15.46km - $3.57,14.33km - $3.48,16.51km - $3.63,17.63km - $3.68,18.47km - $3.72,27.78km - $4.40,28.38km - $4.40,26.91km - $4.40,24.90km - $4.40,23.61km - $4.40,19.33km - $3.77,14.17km - $3.47,12.27km - $3.28,10.81km - $3.13,9.34km - $2.95,8.44km - $2.82,6.81km - $2.57,5.90km - $2.44,4.89km - $2.30,22.33km - $4.40,23.38km - $4.40,24.09km - $4.40,10.36km - $3.09,11.44km - $3.19,12.45km - $3.29,12.87km - $3.34,14.39km - $3.49,16.30km - $3.62,17.07km - $3.65,18.92km - $3.75,20.76km - $3.84,22.34km - $4.40,23.30km - $4.40,24.80km - $4.40
29th Avenue,15.42km - $3.57,12.96km - $3.35,12.34km - $3.28,9.45km - $2.97,7.43km - $2.66,4.99km - $2.30,3.68km - $2.30,2.90km - $2.30,1.22km - $2.30,0.00km - $0.00,0.87km - $2.30,2.82km - $2.30,5.59km - $2.39,6.65km - $2.55,7.30km - $2.65,7.68km - $2.70,8.59km - $2.84,16.17km - $3.61,14.50km - $3.50,16.68km - $3.63,15.56km - $3.58,17.73km - $3.69,18.86km - $3.74,19.69km - $3.78,26.56km - $4.40,27.16km - $4.40,25.69km - $4.40,23.67km - $4.40,22.39km - $4.40,18.10km - $3.71,12.95km - $3.34,11.04km - $3.15,9.59km - $2.99,8.12km - $2.77,7.21km - $2.63,5.59km - $2.39,4.68km - $2.30,3.67km - $2.30,21.10km - $3.86,22.15km - $4.40,22.87km - $4.40,9.14km - $2.92,10.21km - $3.07,11.22km - $3.17,11.65km - $3.22,13.17km - $3.37,15.08km - $3.55,15.84km - $3.59,17.69km - $3.68,19.54km - $3.78,21.12km - $3.86,22.08km - $4.40,23.58km - $4.40
Nanaimo,16.29km - $3.61,13.83km - $3.43,13.21km - $3.37,10.32km - $3.08,8.30km - $2.79,5.86km - $2.43,4.55km - $2.30,3.77km - $2.30,2.09km - $2.30,0.87km - $2.30,0.00km - $0.00,1.95km - $2.30,4.72km - $2.30,5.78km - $2.42,6.43km - $2.51,6.81km - $2.57,7.72km - $2.71,15.30km - $3.56,13.63km - $3.41,17.41km - $3.67,16.43km - $3.62,18.60km - $3.73,19.73km - $3.79,20.56km - $3.83,25.69km - $4.40,26.29km - $4.40,24.82km - $4.40,22.80km - $4.40,21.52km - $3.88,17.23km - $3.66,12.08km - $3.26,10.18km - $3.07,8.72km - $2.86,7.25km - $2.64,6.35km - $2.50,4.72km - $2.30,3.81km - $2.30,2.80km - $2.30,20.24km - $3.81,21.28km - $3.86,22.00km - $4.40,8.27km - $2.79,9.34km - $2.95,10.35km - $3.09,10.78km - $3.13,12.30km - $3.28,14.21km - $3.47,14.97km - $3.55,16.83km - $3.64,18.67km - $3.73,20.25km - $3.81,21.21km - $3.86,22.71km - $4.40
Commercial–Broadway,18.25km - $3.71,15.78km - $3.59,15.16km - $3.56,12.27km - $3.28,10.25km - $3.08,7.81km - $2.72,6.50km - $2.53,5.72km - $2.41,4.05km - $2.30,2.82km - $2.30,1.95km - $2.30,0.00km - $0.00,2.76km - $2.30,3.83km - $2.30,4.48km - $2.30,4.86km - $2.30,5.76km - $2.41,13.34km - $3.38,11.67km - $3.22,15.45km - $3.57,16.58km - $3.63,20.55km - $3.83,21.68km - $3.88,22.51km - $4.40,23.73km - $4.40,24.33km - $4.40,22.86km - $4.40,20.85km - $3.84,19.57km - $3.78,15.28km - $3.56,10.12km - $3.06,8.22km - $2.78,6.77km - $2.56,5.30km - $2.34,4.39km - $2.30,2.76km - $2.30,1.86km - $2.30,0.84km - $2.30,18.28km - $3.71,19.33km - $3.77,20.05km - $3.80,6.32km - $2.50,7.39km - $2.66,8.40km - $2.81,8.83km - $2.87,10.35km - $3.08,12.26km - $3.28,13.02km - $3.35,14.87km - $3.54,16.72km - $3.64,18.30km - $3.71,19.26km - $3.76,20.75km - $3.84
Main Street–Science World,21.01km - $3.85,18.54km - $3.73,17.93km - $3.70,15.03km - $3.55,13.01km - $3.35,10.58km - $3.11,9.27km - $2.94,8.48km - $2.82,6.81km - $2.57,5.59km - $2.39,4.72km - $2.30,2.76km - $2.30,0.00km - $0.00,1.06km - $2.30,1.71km - $2.30,2.10km - $2.30,3.00km - $2.30,16.11km - $3.61,14.44km - $3.49,18.22km - $3.71,19.34km - $3.77,23.32km - $4.40,24.44km - $4.40,25.28km - $4.40,26.50km - $4.40,27.10km - $4.40,25.63km - $4.40,23.61km - $4.40,22.33km - $4.40,18.04km - $3.70,12.89km - $3.34,10.99km - $3.15,9.53km - $2.98,8.06km - $2.76,7.16km - $2.62,5.53km - $2.38,4.62km - $2.30,3.61km - $2.30,15.52km - $3.58,16.57km - $3.63,17.28km - $3.66,3.56km - $2.30,4.63km - $2.30,5.64km - $2.40,6.06km - $2.46,7.59km - $2.69,9.49km - $2.97,10.26km - $3.08,12.11km - $3.26,13.95km - $3.45,15.53km - $3.58,16.49km - $3.62,17.99km - $3.70
Stadium–Chinatown,22.07km - $4.40,19.61km - $3.78,18.99km - $3.75,16.10km - $3.60,14.08km - $3.46,11.64km - $3.21,10.33km - $3.08,9.55km - $2.98,7.87km - $2.73,6.65km - $2.55,5.78km - $2.42,3.83km - $2.30,1.06km - $2.30,0.00km - $0.00,0.65km - $2.30,1.03km - $2.30,1.94km - $2.30,17.17km - $3.66,15.50km - $3.58,19.28km - $3.76,20.40km - $3.82,24.38km - $4.40,25.51km - $4.40,26.34km - $4.40,27.56km - $4.40,28.16km - $4.40,26.69km - $4.40,24.68km - $4.40,23.39km - $4.40,19.11km - $3.76,13.95km - $3.45,12.05km - $3.25,10.59km - $3.11,9.12km - $2.92,8.22km - $2.78,6.59km - $2.54,5.68km - $2.40,4.67km - $2.30,14.45km - $3.50,15.50km - $3.58,16.22km - $3.61,2.49km - $2.30,3.56km - $2.30,4.57km - $2.30,5.00km - $2.30,6.52km - $2.53,8.43km - $2.81,9.19km - $2.93,11.05km - $3.15,12.89km - $3.34,14.47km - $3.50,15.43km - $3.57,16.93km - $3.65
Granville,22.72km - $4.40,20.26km - $3.81,19.64km - $3.78,16.75km - $3.64,14.73km - $3.52,12.29km - $3.28,10.98km - $3.15,10.20km - $3.07,8.52km - $2.83,7.30km - $2.65,6.43km - $2.51,4.48km - $2.30,1.71km - $2.30,0.65km - $2.30,0.00km - $0.00,0.38km - $2.30,1.29km - $2.30,17.82km - $3.69,16.15km - $3.61,19.93km - $3.80,21.05km - $3.85,25.03km - $4.40,26.16km - $4.40,26.99km - $4.40,28.21km - $4.40,28.81km - $4.40,27.34km - $4.40,25.33km - $4.40,24.04km - $4.40,19.76km - $3.79,14.60km - $3.51,12.70km - $3.32,11.24km - $3.17,9.78km - $3.02,8.87km - $2.88,7.24km - $2.64,6.33km - $2.50,5.32km - $2.35,13.80km - $3.43,14.85km - $3.54,15.57km - $3.58,1.84km - $2.30,2.91km - $2.30,3.92km - $2.30,4.35km - $2.30,5.87km - $2.43,7.78km - $2.72,8.54km - $2.83,10.39km - $3.09,12.24km - $3.27,13.82km - $3.43,14.78km - $3.53,16.28km - $3.61
Burrard,23.11km - $4.40,20.64km - $3.83,20.03km - $3.80,17.13km - $3.66,15.11km - $3.56,12.68km - $3.32,11.37km - $3.19,10.58km - $3.11,8.91km - $2.89,7.68km - $2.70,6.81km - $2.57,4.86km - $2.30,2.10km - $2.30,1.03km - $2.30,0.38km - $2.30,0.00km - $0.00,0.90km - $2.30,18.21km - $3.71,16.53km - $3.63,20.31km - $3.82,21.44km - $3.87,25.42km - $4.40,26.54km - $4.40,27.38km - $4.40,28.60km - $4.40,29.20km - $4.40,27.73km - $4.40,25.71km - $4.40,24.43km - $4.40,20.14km - $3.81,14.99km - $3.55,13.08km - $3.36,11.63km - $3.21,10.16km - $3.07,9.25km - $2.94,7.63km - $2.69,6.72km - $2.56,5.70km - $2.41,13.42km - $3.39,14.47km - $3.50,15.19km - $3.56,1.46km - $2.30,2.53km - $2.30,3.54km - $2.30,3.97km - $2.30,5.49km - $2.37,7.39km - $2.66,8.16km - $2.77,10.01km - $3.05,11.85km - $3.24,13.43km - $3.39,14.39km - $3.49,15.89km - $3.59
Waterfront,24.01km - $4.40,21.54km - $3.88,20.93km - $3.85,18.03km - $3.70,16.02km - $3.60,13.58km - $3.41,12.27km - $3.28,11.48km - $3.20,9.81km - $3.02,8.59km - $2.84,7.72km - $2.71,5.76km - $2.41,3.00km - $2.30,1.94km - $2.30,1.29km - $2.30,0.90km - $2.30,0.00km - $0.00,19.11km - $3.76,17.44km - $3.67,21.22km - $3.86,22.34km - $4.40,26.32km - $4.40,27.44km - $4.40,28.28km - $4.40,29.50km - $4.40,30.10km - $4.40,28.63km - $4.40,26.61km - $4.40,25.33km - $4.40,21.05km - $3.85,15.89km - $3.59,13.99km - $3.45,12.53km - $3.30,11.06km - $3.16,10.16km - $3.07,8.53km - $2.83,7.62km - $2.69,6.61km - $2.54,12.52km - $3.30,13.57km - $3.41,14.28km - $3.48,0.56km - $2.30,1.63km - $2.30,2.64km - $2.30,3.06km - $2.30,4.58km - $2.30,6.49km - $2.52,7.26km - $2.64,9.11km - $2.92,10.95km - $3.15,12.53km - $3.30,13.49km - $3.40,14.99km - $3.55
Lougheed Town Centre,8.30km - $2.79,5.83km - $2.42,6.45km - $2.52,9.34km - $2.95,11.36km - $3.19,13.80km - $3.43,15.11km - $3.56,15.89km - $3.59,17.39km - $3.67,16.17km - $3.61,15.30km - $3.56,13.34km - $3.38,16.11km - $3.61,17.17km - $3.66,17.82km - $3.69,18.21km - $3.71,19.11km - $3.76,0.00km - $0.00,1.67km - $2.30,2.11km - $2.30,3.23km - $2.30,10.61km - $3.11,11.73km - $3.22,12.57km - $3.31,10.39km - $3.09,10.99km - $3.15,9.52km - $2.98,7.51km - $2.68,6.22km - $2.48,1.94km - $2.30,3.22km - $2.30,5.12km - $2.32,6.58km - $2.54,8.05km - $2.76,8.95km - $2.89,10.58km - $3.11,11.49km - $3.20,14.19km - $3.47,31.63km - $4.40,32.67km - $4.40,33.39km - $4.40,19.66km - $3.78,20.74km - $3.84,21.74km - $3.89,22.17km - $4.40,23.69km - $4.40,25.60km - $4.40,26.36km - $4.40,28.22km - $4.40,30.06km - $4.40,31.64km - $4.40,32.60km - $4.40,34.10km - $4.40
Production Way–University,9.97km - $3.05,7.50km - $2.68,8.12km - $2.77,11.01km - $3.15,13.03km - $3.35,15.47km - $3.57,16.78km - $3.64,17.39km - $3.67,15.72km - $3.59,14.50km - $3.50,13.63km - $3.41,11.67km - $3.22,14.44km - $3.49,15.50km - $3.58,16.15km - $3.61,16.53km - $3.63,17.44km - $3.67,1.67km - $2.30,0.00km - $0.00,3.78km - $2.30,4.90km - $2.30,12.28km - $3.28,13.40km - $3.39,14.24km - $3.47,12.06km - $3.26,12.66km - $3.32,11.19km - $3.17,9.18km - $2.93,7.89km - $2.73,3.61km - $2.30,1.55km - $2.30,3.45km - $2.30,4.91km - $2.30,6.38km - $2.51,7.28km - $2.64,8.91km - $2.89,9.82km - $3.02,12.52km - $3.30,29.95km - $4.40,31.00km - $4.40,31.72km - $4.40,17.99km - $3.70,19.06km - $3.75,20.07km - $3.80,20.50km - $3.83,22.02km - $4.40,23.93km - $4.40,24.69km - $4.40,26.55km - $4.40,28.39km - $4.40,29.97km - $4.40,30.93km - $4.40,32.43km - $4.40
Braid,6.19km - $2.48,3.72km - $2.30,4.34km - $2.30,7.23km - $2.63,9.25km - $2.94,11.69km - $3.22,13.00km - $3.35,13.78km - $3.43,15.46km - $3.57,16.68km - $3.63,17.41km - $3.67,15.45km - $3.57,18.22km - $3.71,19.28km - $3.76,19.93km - $3.80,20.31km - $3.82,21.22km - $3.86,2.11km - $2.30,3.78km - $2.30,0.00km - $0.00,1.12km - $2.30,8.50km - $2.82,9.62km - $2.99,10.46km - $3.10,12.50km - $3.30,13.10km - $3.36,11.63km - $3.21,9.62km - $2.99,8.33km - $2.80,4.05km - $2.30,5.33km - $2.35,7.23km - $2.63,8.69km - $2.85,10.16km - $3.07,11.06km - $3.16,12.69km - $3.32,13.60km - $3.41,16.30km - $3.61,33.74km - $4.40,34.78km - $4.40,35.50km - $4.40,21.77km - $3.89,22.84km - $4.40,23.85km - $4.40,24.28km - $4.40,25.80km - $4.40,27.71km - $4.40,28.47km - $4.40,30.33km - $4.40,32.17km - $4.40,33.75km - $4.40,34.71km - $4.40,36.21km - $4.40
Sapperton,5.07km - $2.31,2.60km - $2.30,3.22km - $2.30,6.11km - $2.47,8.13km - $2.77,10.57km - $3.11,11.88km - $3.24,12.66km - $3.32,14.33km - $3.48,15.56km - $3.58,16.43km - $3.62,16.58km - $3.63,19.34km - $3.77,20.40km - $3.82,21.05km - $3.85,21.44km - $3.87,22.34km - $4.40,3.23km - $2.30,4.90km - $2.30,1.12km - $2.30,0.00km - $0.00,7.38km - $2.66,8.50km - $2.82,9.34km - $2.95,13.62km - $3.41,14.22km - $3.47,12.75km - $3.33,10.74km - $3.12,9.45km - $2.97,5.17km - $2.33,6.45km - $2.52,8.35km - $2.80,9.81km - $3.02,11.28km - $3.18,12.18km - $3.27,13.81km - $3.43,14.72km - $3.52,17.42km - $3.67,34.86km - $4.40,35.91km - $4.40,36.62km - $4.40,22.89km - $4.40,23.97km - $4.40,24.98km - $4.40,25.40km - $4.40,26.92km - $4.40,28.83km - $4.40,29.60km - $4.40,31.45km - $4.40,33.29km - $4.40,34.87km - $4.40,35.83km - $4.40,37.33km - $4.40
Gateway,2.31km - $2.30,4.77km - $2.30,5.39km - $2.36,8.28km - $2.79,10.30km - $3.08,12.74km - $3.32,14.05km - $3.46,14.83km - $3.53,16.51km - $3.63,17.73km - $3.69,18.60km - $3.73,20.55km - $3.83,23.32km - $4.40,24.38km - $4.40,25.03km - $4.40,25.42km - $4.40,26.32km - $4.40,10.61km - $3.11,12.28km - $3.28,8.50km - $2.82,7.38km - $2.66,0.00km - $0.00,1.12km - $2.30,1.96km - $2.30,21.00km - $3.85,21.60km - $3.88,20.13km - $3.81,18.11km - $3.71,16.83km - $3.64,12.54km - $3.30,13.83km - $3.43,15.73km - $3.59,17.19km - $3.66,18.65km - $3.73,19.56km - $3.78,21.19km - $3.86,22.10km - $4.40,21.40km - $3.87,38.84km - $4.40,39.88km - $4.40,40.60km - $4.40,26.87km - $4.40,27.95km - $4.40,28.95km - $4.40,29.38km - $4.40,30.90km - $4.40,32.81km - $4.40,33.57km - $4.40,35.43km - $4.40,37.27km - $4.40,38.85km - $4.40,39.81km - $4.40,41.31km - $4.40
Surrey Central,3.43km - $2.30,5.90km - $2.43,6.51km - $2.53,9.41km - $2.96,11.43km - $3.19,13.86km - $3.44,15.18km - $3.56,15.96km - $3.60,17.63km - $3.68,18.86km - $3.74,19.73km - $3.79,21.68km - $3.88,24.44km - $4.40,25.51km - $4.40,26.16km - $4.40,26.54km - $4.40,27.44km - $4.40,11.73km - $3.22,13.40km - $3.39,9.62km - $2.99,8.50km - $2.82,1.12km - $2.30,0.00km - $0.00,0.84km - $2.30,22.12km - $4.40,22.72km - $4.40,21.25km - $3.86,19.24km - $3.76,17.95km - $3.70,13.67km - $3.42,14.95km - $3.55,16.85km - $3.64,18.31km - $3.72,19.78km - $3.79,20.68km - $3.83,22.31km - $4.40,23.22km - $4.40,22.52km - $4.40,39.96km - $4.40,41.01km - $4.40,41.73km - $4.40,28.00km - $4.40,29.07km - $4.40,30.08km - $4.40,30.51km - $4.40,32.03km - $4.40,33.94km - $4.40,34.70km - $4.40,36.55km - $4.40,38.39km - $4.40,39.97km - $4.40,40.93km - $4.40,42.43km - $4.40
King George,4.27km - $2.30,6.73km - $2.56,7.35km - $2.65,10.24km - $3.07,12.26km - $3.28,14.70km - $3.52,16.01km - $3.60,16.79km - $3.64,18.47km - $3.72,19.69km - $3.78,20.56km - $3.83,22.51km - $4.40,25.28km - $4.40,26.34km - $4.40,26.99km - $4.40,27.38km - $4.40,28.28km - $4.40,12.57km - $3.31,14.24km - $3.47,10.46km - $3.10,9.34km - $2.95,1.96km - $2.30,0.84km - $2.30,0.00km - $0.00,22.96km - $4.40,23.56km - $4.40,22.09km - $4.40,20.07km - $3.80,18.79km - $3.74,14.50km - $3.50,15.79km - $3.59,17.69km - $3.68,19.15km - $3.76,20.61km - $3.83,21.52km - $3.88,23.15km - $4.40,24.06km - $4.40,23.36km - $4.40,40.80km - $4.40,41.84km - $4.40,42.56km - $4.40,28.83km - $4.40,29.91km - $4.40,30.91km - $4.40,31.34km - $4.40,32.86km - $4.40,34.77km - $4.40,35.53km - $4.40,37.39km - $4.40,39.23km - $4.40,40.81km - $4.40,41.77km - $4.40,43.27km - $4.40
Lincoln,18.69km - $3.73,16.22km - $3.61,16.84km - $3.64,19.73km - $3.79,21.75km - $3.89,24.19km - $4.40,25.50km - $4.40,26.28km - $4.40,27.78km - $4.40,26.56km - $4.40,25.69km - $4.40,23.73km - $4.40,26.50km - $4.40,27.56km - $4.40,28.21km - $4.40,28.60km - $4.40,29.50km - $4.40,10.39km - $3.09,12.06km - $3.26,12.50km - $3.30,13.62km - $3.41,21.00km - $3.85,22.12km - $4.40,22.96km - $4.40,0.00km - $0.00,0.60km - $2.30,0.87km - $2.30,2.88km - $2.30,4.17km - $2.30,8.45km - $2.82,13.61km - $3.41,15.51km - $3.58,16.97km - $3.65,18.44km - $3.72,19.34km - $3.77,20.97km - $3.85,21.88km - $3.89,24.58km - $4.40,42.02km - $4.40,43.06km - $4.40,43.78km - $4.40,30.05km - $4.40,31.13km - $4.40,32.13km - $4.40,32.56km - $4.40,34.08km - $4.40,35.99km - $4.40,36.75km - $4.40,38.61km - $4.40,40.45km - $4.40,42.03km - $4.40,42.99km - $4.40,44.49km - $4.40
Lafarge Lake–Douglas,19.29km - $3.76,16.82km - $3.64,17.44km - $3.67,20.33km - $3.82,22.35km - $4.40,24.79km - $4.40,26.10km - $4.40,26.88km - $4.40,28.38km - $4.40,27.16km - $4.40,26.29km - $4.40,24.33km - $4.40,27.10km - $4.40,28.16km - $4.40,28.81km - $4.40,29.20km - $4.40,30.10km - $4.40,10.99km - $3.15,12.66km - $3.32,13.10km - $3.36,14.22km - $3.47,21.60km - $3.88,22.72km - $4.40,23.56km - $4.40,0.60km - $2.30,0.00km - $0.00,1.47km - $2.30,3.48km - $2.30,4.77km - $2.30,9.05km - $2.91,14.21km - $3.47,16.11km - $3.61,17.57km - $3.68,19.04km - $3.75,19.94km - $3.80,21.57km - $3.88,22.48km - $4.40,25.18km - $4.40,42.62km - $4.40,43.66km - $4.40,44.38km - $4.40,30.65km - $4.40,31.73km - $4.40,32.73km - $4.40,33.16km - $4.40,34.68km - $4.40,36.59km - $4.40,37.36km - $4.40,39.21km - $4.40,41.05km - $4.40,42.63km - $4.40,43.59km - $4.40,45.09km - $4.40
Coquitlam Central,17.82km - $3.69,15.35km - $3.57,15.97km - $3.60,18.86km - $3.74,20.88km - $3.84,23.32km - $4.40,24.63km - $4.40,25.41km - $4.40,26.91km - $4.40,25.69km - $4.40,24.82km - $4.40,22.86km - $4.40,25.63km - $4.40,26.69km - $4.40,27.34km - $4.40,27.73km - $4.40,28.63km - $4.40,9.52km - $2.98,11.19km - $3.17,11.63km - $3.21,12.75km - $3.33,20.13km - $3.81,21.25km - $3.86,22.09km - $4.40,0.87km - $2.30,1.47km - $2.30,0.00km - $0.00,2.01km - $2.30,3.30km - $2.30,7.58km - $2.69,12.74km - $3.32,14.64km - $3.51,16.10km - $3.60,17.57km - $3.68,18.47km - $3.72,20.10km - $3.81,21.01km - $3.85,23.71km - $4.40,41.15km - $4.40,42.19km - $4.40,42.91km - $4.40,29.18km - $4.40,30.26km - $4.40,31.26km - $4.40,31.69km - $4.40,33.21km - $4.40,35.12km - $4.40,35.89km - $4.40,37.74km - $4.40,39.58km - $4.40,41.16km - $4.40,42.12km - $4.40,43.62km - $4.40
Inlet Centre,15.80km - $3.59,13.34km - $3.38,13.96km - $3.45,16.85km - $3.64,18.87km - $3.74,21.30km - $3.87,22.62km - $4.40,23.40km - $4.40,24.90km - $4.40,23.67km - $4.40,22.80km - $4.40,20.85km - $3.84,23.61km - $4.40,24.68km - $4.40,25.33km - $4.40,25.71km - $4.40,26.61km - $4.40,7.51km - $2.68,9.18km - $2.93,9.62km - $2.99,10.74km - $3.12,18.11km - $3.71,19.24km - $3.76,20.07km - $3.80,2.88km - $2.30,3.48km - $2.30,2.01km - $2.30,0.00km - $0.00,1.28km - $2.30,5.57km - $2.39,10.73km - $3.12,12.63km - $3.31,14.08km - $3.46,15.55km - $3.58,16.46km - $3.62,18.09km - $3.70,19.00km - $3.75,21.69km - $3.88,39.13km - $4.40,40.18km - $4.40,40.90km - $4.40,27.17km - $4.40,28.24km - $4.40,29.25km - $4.40,29.68km - $4.40,31.20km - $4.40,33.11km - $4.40,33.87km - $4.40,35.72km - $4.40,37.57km - $4.40,39.15km - $4.40,40.11km - $4.40,41.60km - $4.40
Moody Centre,14.52km - $3.50,12.05km - $3.26,12.67km - $3.32,15.56km - $3.58,17.58km - $3.68,20.02km - $3.80,21.33km - $3.87,22.12km - $4.40,23.61km - $4.40,22.39km - $4.40,21.52km - $3.88,19.57km - $3.78,22.33km - $4.40,23.39km - $4.40,24.04km - $4.40,24.43km - $4.40,25.33km - $4.40,6.22km - $2.48,7.89km - $2.73,8.33km - $2.80,9.45km - $2.97,16.83km - $3.64,17.95km - $3.70,18.79km - $3.74,4.17km - $2.30,4.77km - $2.30,3.30km - $2.30,1.28km - $2.30,0.00km - $0.00,4.28km - $2.30,9.44km - $2.97,11.34km - $3.18,12.80km - $3.33,14.27km - $3.48,15.17km - $3.56,16.80km - $3.64,17.71km - $3.69,20.41km - $3.82,37.85km - $4.40,38.90km - $4.40,39.61km - $4.40,25.88km - $4.40,26.96km - $4.40,27.97km - $4.40,28.39km - $4.40,29.91km - $4.40,31.82km - $4.40,32.59km - $4.40,34.44km - $4.40,36.28km - $4.40,37.86km - $4.40,38.82km - $4.40,40.32km - $4.40
Burquitlam,10.24km - $3.07,7.77km - $2.72,8.39km - $2.81,11.28km - $3.18,13.30km - $3.38,15.74km - $3.59,17.05km - $3.65,17.83km - $3.69,19.33km - $3.77,18.10km - $3.71,17.23km - $3.66,15.28km - $3.56,18.04km - $3.70,19.11km - $3.76,19.76km - $3.79,20.14km - $3.81,21.05km - $3.85,1.94km - $2.30,3.61km - $2.30,4.05km - $2.30,5.17km - $2.33,12.54km - $3.30,13.67km - $3.42,14.50km - $3.50,8.45km - $2.82,9.05km - $2.91,7.58km - $2.69,5.57km - $2.39,4.28km - $2.30,0.00km - $0.00,5.16km - $2.32,7.06km - $2.61,8.52km - $2.83,9.98km - $3.05,10.89km - $3.14,12.52km - $3.30,13.43km - $3.39,16.12km - $3.61,33.56km - $4.40,34.61km - $4.40,35.33km - $4.40,21.60km - $3.88,22.67km - $4.40,23.68km - $4.40,24.11km - $4.40,25.63km - $4.40,27.54km - $4.40,28.30km - $4.40,30.15km - $4.40,32.00km - $4.40,33.58km - $4.40,34.54km - $4.40,36.04km - $4.40
Lake City Way,11.52km - $3.20,9.05km - $2.91,9.67km - $3.00,12.56km - $3.31,14.58km - $3.51,17.02km - $3.65,16.63km - $3.63,15.84km - $3.59,14.17km - $3.47,12.95km - $3.34,12.08km - $3.26,10.12km - $3.06,12.89km - $3.34,13.95km - $3.45,14.60km - $3.51,14.99km - $3.55,15.89km - $3.59,3.22km - $2.30,1.55km - $2.30,5.33km - $2.35,6.45km - $2.52,13.83km - $3.43,14.95km - $3.55,15.79km - $3.59,13.61km - $3.41,14.21km - $3.47,12.74km - $3.32,10.73km - $3.12,9.44km - $2.97,5.16km - $2.32,0.00km - $0.00,1.90km - $2.30,3.36km - $2.30,4.83km - $2.30,5.73km - $2.41,7.36km - $2.65,8.27km - $2.79,10.97km - $3.15,28.41km - $4.40,29.45km - $4.40,30.17km - $4.40,16.44km - $3.62,17.52km - $3.68,18.52km - $3.73,18.95km - $3.75,20.47km - $3.82,22.38km - $4.40,23.14km - $4.40,25.00km - $4.40,26.84km - $4.40,28.42km - $4.40,29.38km - $4.40,30.88km - $4.40
Sperling–Burnaby Lake,13.42km - $3.39,10.95km - $3.15,11.57km - $3.21,14.46km - $3.50,16.48km - $3.62,16.04km - $3.60,14.73km - $3.52,13.94km - $3.44,12.27km - $3.28,11.04km - $3.15,10.18km - $3.07,8.22km - $2.78,10.99km - $3.15,12.05km - $3.25,12.70km - $3.32,13.08km - $3.36,13.99km - $3.45,5.12km - $2.32,3.45km - $2.30,7.23km - $2.63,8.35km - $2.80,15.73km - $3.59,16.85km - $3.64,17.69km - $3.68,15.51km - $3.58,16.11km - $3.61,14.64km - $3.51,12.63km - $3.31,11.34km - $3.18,7.06km - $2.61,1.90km - $2.30,0.00km - $0.00,1.46km - $2.30,2.93km - $2.30,3.83km - $2.30,5.46km - $2.37,6.37km - $2.51,9.07km - $2.91,26.50km - $4.40,27.55km - $4.40,28.27km - $4.40,14.54km - $3.50,15.61km - $3.58,16.62km - $3.63,17.05km - $3.65,18.57km - $3.73,20.48km - $3.82,21.24km - $3.86,23.10km - $4.40,24.94km - $4.40,26.52km - $4.40,27.48km - $4.40,28.98km - $4.40
Holdom,14.88km - $3.54,12.41km - $3.29,13.03km - $3.35,15.92km - $3.60,17.02km - $3.65,14.58km - $3.51,13.27km - $3.38,12.48km - $3.30,10.81km - $3.13,9.59km - $2.99,8.72km - $2.86,6.77km - $2.56,9.53km - $2.98,10.59km - $3.11,11.24km - $3.17,11.63km - $3.21,12.53km - $3.30,6.58km - $2.54,4.91km - $2.30,8.69km - $2.85,9.81km - $3.02,17.19km - $3.66,18.31km - $3.72,19.15km - $3.76,16.97km - $3.65,17.57km - $3.68,16.10km - $3.60,14.08km - $3.46,12.80km - $3.33,8.52km - $2.83,3.36km - $2.30,1.46km - $2.30,0.00km - $0.00,1.47km - $2.30,2.37km - $2.30,4.00km - $2.30,4.91km - $2.30,7.61km - $2.69,25.05km - $4.40,26.10km - $4.40,26.81km - $4.40,13.08km - $3.36,14.16km - $3.47,15.17km - $3.56,15.59km - $3.58,17.11km - $3.66,19.02km - $3.75,19.79km - $3.79,21.64km - $3.88,23.48km - $4.40,25.06km - $4.40,26.02km - $4.40,27.52km - $4.40
Brentwood Town Centre,16.35km - $3.62,13.88km - $3.44,14.50km - $3.50,17.39km - $3.67,15.55km - $3.58,13.11km - $3.36,11.80km - $3.23,11.02km - $3.15,9.34km - $2.95,8.12km - $2.77,7.25km - $2.64,5.30km - $2.34,8.06km - $2.76,9.12km - $2.92,9.78km - $3.02,10.16km - $3.07,11.06km - $3.16,8.05km - $2.76,6.38km - $2.51,10.16km - $3.07,11.28km - $3.18,18.65km - $3.73,19.78km - $3.79,20.61km - $3.83,18.44km - $3.72,19.04km - $3.75,17.57km - $3.68,15.55km - $3.58,14.27km - $3.48,9.98km - $3.05,4.83km - $2.30,2.93km - $2.30,1.47km - $2.30,0.00km - $0.00,0.91km - $2.30,2.53km - $2.30,3.44km - $2.30,6.14km - $2.47,23.58km - $4.40,24.63km - $4.40,25.35km - $4.40,11.62km - $3.21,12.69km - $3.32,13.70km - $3.42,14.13km - $3.46,15.65km - $3.58,17.55km - $3.68,18.32km - $3.72,20.17km - $3.81,22.01km - $4.40,23.59km - $4.40,24.55km - $4.40,26.05km - $4.40
Gilmore,17.25km - $3.66,14.79km - $3.53,15.40km - $3.57,16.66km - $3.63,14.64km - $3.51,12.21km - $3.27,10.90km - $3.14,10.11km - $3.06,8.44km - $2.82,7.21km - $2.63,6.35km - $2.50,4.39km - $2.30,7.16km - $2.62,8.22km - $2.78,8.87km - $2.88,9.25km - $2.94,10.16km - $3.07,8.95km - $2.89,7.28km - $2.64,11.06km - $3.16,12.18km - $3.27,19.56km - $3.78,20.68km - $3.83,21.52km - $3.88,19.34km - $3.77,19.94km - $3.80,18.47km - $3.72,16.46km - $3.62,15.17km - $3.56,10.89km - $3.14,5.73km - $2.41,3.83km - $2.30,2.37km - $2.30,0.91km - $2.30,0.00km - $0.00,1.63km - $2.30,2.54km - $2.30,5.23km - $2.34,22.67km - $4.40,23.72km - $4.40,24.44km - $4.40,10.71km - $3.12,11.78km - $3.23,12.79km - $3.33,13.22km - $3.37,14.74km - $3.52,16.65km - $3.63,17.41km - $3.67,19.26km - $3.76,21.11km - $3.86,22.69km - $4.40,23.65km - $4.40,25.15km - $4.40
Rupert,18.88km - $3.74,16.41km - $3.62,17.03km - $3.65,15.03km - $3.55,13.01km - $3.35,10.58km - $3.11,9.27km - $2.94,8.48km - $2.82,6.81km - $2.57,5.59km - $2.39,4.72km - $2.30,2.76km - $2.30,5.53km - $2.38,6.59km - $2.54,7.24km - $2.64,7.63km - $2.69,8.53km - $2.83,10.58km - $3.11,8.91km - $2.89,12.69km - $3.32,13.81km - $3.43,21.19km - $3.86,22.31km - $4.40,23.15km - $4.40,20.97km - $3.85,21.57km - $3.88,20.10km - $3.81,18.09km - $3.70,16.80km - $3.64,12.52km - $3.30,7.36km - $2.65,5.46km - $2.37,4.00km - $2.30,2.53km - $2.30,1.63km - $2.30,0.00km - $0.00,0.91km - $2.30,3.61km - $2.30,21.05km - $3.85,22.09km - $4.40,22.81km - $4.40,9.08km - $2.91,10.16km - $3.07,11.16km - $3.17,11.59km - $3.21,13.11km - $3.36,15.02km - $3.55,15.78km - $3.59,17.64km - $3.68,19.48km - $3.77,21.06km - $3.85,22.02km - $4.40,23.52km - $4.40
Renfrew,19.79km - $3.79,17.32km - $3.67,17.02km - $3.65,14.13km - $3.46,12.11km - $3.26,9.67km - $3.00,8.36km - $2.80,7.57km - $2.69,5.90km - $2.44,4.68km - $2.30,3.81km - $2.30,1.86km - $2.30,4.62km - $2.30,5.68km - $2.40,6.33km - $2.50,6.72km - $2.56,7.62km - $2.69,11.49km - $3.20,9.82km - $3.02,13.60km - $3.41,14.72km - $3.52,22.10km - $4.40,23.22km - $4.40,24.06km - $4.40,21.88km - $3.89,22.48km - $4.40,21.01km - $3.85,19.00km - $3.75,17.71km - $3.69,13.43km - $3.39,8.27km - $2.79,6.37km - $2.51,4.91km - $2.30,3.44km - $2.30,2.54km - $2.30,0.91km - $2.30,0.00km - $0.00,2.70km - $2.30,20.14km - $3.81,21.18km - $3.86,21.90km - $3.90,8.17km - $2.78,9.25km - $2.94,10.25km - $3.08,10.68km - $3.12,12.20km - $3.27,14.11km - $3.46,14.88km - $3.54,16.73km - $3.64,18.57km - $3.73,20.15km - $3.81,21.11km - $3.86,22.61km - $4.40
VCC–Clark,19.09km - $3.75,16.62km - $3.63,16.01km - $3.60,13.11km - $3.36,11.09km - $3.16,8.66km - $2.85,7.35km - $2.65,6.56km - $2.53,4.89km - $2.30,3.67km - $2.30,2.80km - $2.30,0.84km - $2.30,3.61km - $2.30,4.67km - $2.30,5.32km - $2.35,5.70km - $2.41,6.61km - $2.54,14.19km - $3.47,12.52km - $3.30,16.30km - $3.61,17.42km - $3.67,21.40km - $3.87,22.52km - $4.40,23.36km - $4.40,24.58km - $4.40,25.18km - $4.40,23.71km - $4.40,21.69km - $3.88,20.41km - $3.82,16.12km - $3.61,10.97km - $3.15,9.07km - $2.91,7.61km - $2.69,6.14km - $2.47,5.23km - $2.34,3.61km - $2.30,2.70km - $2.30,0.00km - $0.00,19.12km - $3.76,20.17km - $3.81,20.89km - $3.84,7.16km - $2.62,8.23km - $2.79,9.24km - $2.94,9.67km - $3.00,11.19km - $3.17,13.10km - $3.36,13.86km - $3.44,15.72km - $3.59,17.56km - $3.68,19.14km - $3.76,20.10km - $3.80,21.60km - $3.88
Aberdeen,36.53km - $4.40,34.06km - $4.40,33.45km - $4.40,30.55km - $4.40,28.53km - $4.40,26.10km - $4.40,24.79km - $4.40,24.00km - $4.40,22.33km - $4.40,21.10km - $3.86,20.24km - $3.81,18.28km - $3.71,15.52km - $3.58,14.45km - $3.50,13.80km - $3.43,13.42km - $3.39,12.52km - $3.30,31.63km - $4.40,29.95km - $4.40,33.74km - $4.40,34.86km - $4.40,38.84km - $4.40,39.96km - $4.40,40.80km - $4.40,42.02km - $4.40,42.62km - $4.40,41.15km - $4.40,39.13km - $4.40,37.85km - $4.40,33.56km - $4.40,28.41km - $4.40,26.50km - $4.40,25.05km - $4.40,23.58km - $4.40,22.67km - $4.40,21.05km - $3.85,20.14km - $3.81,19.12km - $3.76,0.00km - $0.00,1.05km - $2.30,1.77km - $2.30,11.96km - $3.25,10.89km - $3.14,9.88km - $3.03,9.45km - $2.97,7.93km - $2.74,6.03km - $2.45,5.26km - $2.34,3.41km - $2.30,1.57km - $2.30,3.15km - $2.30,4.11km - $2.30,5.61km - $2.39
Lansdowne,37.57km - $4.40,35.11km - $4.40,34.49km - $4.40,31.60km - $4.40,29.58km - $4.40,27.14km - $4.40,25.83km - $4.40,25.05km - $4.40,23.38km - $4.40,22.15km - $4.40,21.28km - $3.86,19.33km - $3.77,16.57km - $3.63,15.50km - $3.58,14.85km - $3.54,14.47km - $3.50,13.57km - $3.41,32.67km - $4.40,31.00km - $4.40,34.78km - $4.40,35.91km - $4.40,39.88km - $4.40,41.01km - $4.40,41.84km - $4.40,43.06km - $4.40,43.66km - $4.40,42.19km - $4.40,40.18km - $4.40,38.90km - $4.40,34.61km - $4.40,29.45km - $4.40,27.55km - $4.40,26.10km - $4.40,24.63km - $4.40,23.72km - $4.40,22.09km - $4.40,21.18km - $3.86,20.17km - $3.81,1.05km - $2.30,0.00km - $0.00,0.72km - $2.30,13.01km - $3.35,11.94km - $3.24,10.93km - $3.14,10.50km - $3.10,8.98km - $2.90,7.07km - $2.61,6.31km - $2.50,4.46km - $2.30,2.61km - $2.30,4.19km - $2.30,5.15km - $2.32,6.65km - $2.55
Richmond–Brighouse,38.29km - $4.40,35.83km - $4.40,35.21km - $4.40,32.32km - $4.40,30.30km - $4.40,27.86km - $4.40,26.55km - $4.40,25.77km - $4.40,24.09km - $4.40,22.87km - $4.40,22.00km - $4.40,20.05km - $3.80,17.28km - $3.66,16.22km - $3.61,15.57km - $3.58,15.19km - $3.56,14.28km - $3.48,33.39km - $4.40,31.72km - $4.40,35.50km - $4.40,36.62km - $4.40,40.60km - $4.40,41.73km - $4.40,42.56km - $4.40,43.78km - $4.40,44.38km - $4.40,42.91km - $4.40,40.90km - $4.40,39.61km - $4.40,35.33km - $4.40,30.17km - $4.40,28.27km - $4.40,26.81km - $4.40,25.35km - $4.40,24.44km - $4.40,22.81km - $4.40,21.90km - $3.90,20.89km - $3.84,1.77km - $2.30,0.72km - $2.30,0.00km - $0.00,13.73km - $3.42,12.66km - $3.32,11.65km - $3.21,11.22km - $3.17,9.70km - $3.00,7.79km - $2.72,7.03km - $2.60,5.18km - $2.33,3.33km - $2.30,4.91km - $2.30,5.87km - $2.43,7.37km - $2.66
Vancouver City Centre,24.56km - $4.40,22.10km - $4.40,21.48km - $3.87,18.59km - $3.73,16.57km - $3.63,14.13km - $3.46,12.82km - $3.33,12.04km - $3.25,10.36km - $3.09,9.14km - $2.92,8.27km - $2.79,6.32km - $2.50,3.56km - $2.30,2.49km - $2.30,1.84km - $2.30,1.46km - $2.30,0.56km - $2.30,19.66km - $3.78,17.99km - $3.70,21.77km - $3.89,22.89km - $4.40,26.87km - $4.40,28.00km - $4.40,28.83km - $4.40,30.05km - $4.40,30.65km - $4.40,29.18km - $4.40,27.17km - $4.40,25.88km - $4.40,21.60km - $3.88,16.44km - $3.62,14.54km - $3.50,13.08km - $3.36,11.62km - $3.21,10.71km - $3.12,9.08km - $2.91,8.17km - $2.78,7.16km - $2.62,11.96km - $3.25,13.01km - $3.35,13.73km - $3.42,0.00km - $0.00,1.07km - $2.30,2.08km - $2.30,2.51km - $2.30,4.03km - $2.30,5.94km - $2.44,6.70km - $2.56,8.55km - $2.83,10.40km - $3.09,11.98km - $3.25,12.94km - $3.34,14.44km - $3.49
Yaletown–Roundhouse,25.64km - $4.40,23.17km - $4.40,22.56km - $4.40,19.66km - $3.78,17.64km - $3.68,15.21km - $3.56,13.90km - $3.44,13.11km - $3.36,11.44km - $3.19,10.21km - $3.07,9.34km - $2.95,7.39km - $2.66,4.63km - $2.30,3.56km - $2.30,2.91km - $2.30,2.53km - $2.30,1.63km - $2.30,20.74km - $3.84,19.06km - $3.75,22.84km - $4.40,23.97km - $4.40,27.95km - $4.40,29.07km - $4.40,29.91km - $4.40,31.13km - $4.40,31.73km - $4.40,30.26km - $4.40,28.24km - $4.40,26.96km - $4.40,22.67km - $4.40,17.52km - $3.68,15.61km - $3.58,14.16km - $3.47,12.69km - $3.32,11.78km - $3.23,10.16km - $3.07,9.25km - $2.94,8.23km - $2.79,10.89km - $3.14,11.94km - $3.24,12.66km - $3.32,1.07km - $2.30,0.00km - $0.00,1.01km - $2.30,1.44km - $2.30,2.96km - $2.30,4.86km - $2.30,5.63km - $2.39,7.48km - $2.67,9.32km - $2.95,10.90km - $3.14,11.86km - $3.24,13.36km - $3.39
Olympic Village,26.64km - $4.40,24.18km - $4.40,23.56km - $4.40,20.67km - $3.83,18.65km - $3.73,16.21km - $3.61,14.90km - $3.54,14.12km - $3.46,12.45km - $3.29,11.22km - $3.17,10.35km - $3.09,8.40km - $2.81,5.64km - $2.40,4.57km - $2.30,3.92km - $2.30,3.54km - $2.30,2.64km - $2.30,21.74km - $3.89,20.07km - $3.80,23.85km - $4.40,24.98km - $4.40,28.95km - $4.40,30.08km - $4.40,30.91km - $4.40,32.13km - $4.40,32.73km - $4.40,31.26km - $4.40,29.25km - $4.40,27.97km - $4.40,23.68km - $4.40,18.52km - $3.73,16.62km - $3.63,15.17km - $3.56,13.70km - $3.42,12.79km - $3.33,11.16km - $3.17,10.25km - $3.08,9.24km - $2.94,9.88km - $3.03,10.93km - $3.14,11.65km - $3.21,2.08km - $2.30,1.01km - $2.30,0.00km - $0.00,0.43km - $2.30,1.95km - $2.30,3.86km - $2.30,4.62km - $2.30,6.47km - $2.52,8.32km - $2.80,9.90km - $3.03,10.86km - $3.14,12.35km - $3.29
Broadway–City Hall,27.07km - $4.40,24.61km - $4.40,23.99km - $4.40,21.10km - $3.85,19.08km - $3.75,16.64km - $3.63,15.33km - $3.57,14.55km - $3.50,12.87km - $3.34,11.65km - $3.22,10.78km - $3.13,8.83km - $2.87,6.06km - $2.46,5.00km - $2.30,4.35km - $2.30,3.97km - $2.30,3.06km - $2.30,22.17km - $4.40,20.50km - $3.83,24.28km - $4.40,25.40km - $4.40,29.38km - $4.40,30.51km - $4.40,31.34km - $4.40,32.56km - $4.40,33.16km - $4.40,31.69km - $4.40,29.68km - $4.40,28.39km - $4.40,24.11km - $4.40,18.95km - $3.75,17.05km - $3.65,15.59km - $3.58,14.13km - $3.46,13.22km - $3.37,11.59km - $3.21,10.68km - $3.12,9.67km - $3.00,9.45km - $2.97,10.50km - $3.10,11.22km - $3.17,2.51km - $2.30,1.44km - $2.30,0.43km - $2.30,0.00km - $0.00,1.52km - $2.30,3.43km - $2.30,4.19km - $2.30,6.04km - $2.46,7.89km - $2.73,9.47km - $2.97,10.43km - $3.09,11.93km - $3.24
King Edward,28.59km - $4.40,26.13km - $4.40,25.51km - $4.40,22.62km - $4.40,20.60km - $3.83,18.16km - $3.71,16.85km - $3.64,16.07km - $3.60,14.39km - $3.49,13.17km - $3.37,12.30km - $3.28,10.35km - $3.08,7.59km - $2.69,6.52km - $2.53,5.87km - $2.43,5.49km - $2.37,4.58km - $2.30,23.69km - $4.40,22.02km - $4.40,25.80km - $4.40,26.92km - $4.40,30.90km - $4.40,32.03km - $4.40,32.86km - $4.40,34.08km - $4.40,34.68km - $4.40,33.21km - $4.40,31.20km - $4.40,29.91km - $4.40,25.63km - $4.40,20.47km - $3.82,18.57km - $3.73,17.11km - $3.66,15.65km - $3.58,14.74km - $3.52,13.11km - $3.36,12.20km - $3.27,11.19km - $3.17,7.93km - $2.74,8.98km - $2.90,9.70km - $3.00,4.03km - $2.30,2.96km - $2.30,1.95km - $2.30,1.52km - $2.30,0.00km - $0.00,1.91km - $2.30,2.67km - $2.30,4.52km - $2.30,6.37km - $2.51,7.95km - $2.74,8.91km - $2.89,10.41km - $3.09
Oakridge-41st Avenue,30.50km - $4.40,28.04km - $4.40,27.42km - $4.40,24.53km - $4.40,22.51km - $4.40,20.07km - $3.80,18.76km - $3.74,17.98km - $3.70,16.30km - $3.62,15.08km - $3.55,14.21km - $3.47,12.26km - $3.28,9.49km - $2.97,8.43km - $2.81,7.78km - $2.72,7.39km - $2.66,6.49km - $2.52,25.60km - $4.40,23.93km - $4.40,27.71km - $4.40,28.83km - $4.40,32.81km - $4.40,33.94km - $4.40,34.77km - $4.40,35.99km - $4.40,36.59km - $4.40,35.12km - $4.40,33.11km - $4.40,31.82km - $4.40,27.54km - $4.40,22.38km - $4.40,20.48km - $3.82,19.02km - $3.75,17.55km - $3.68,16.65km - $3.63,15.02km - $3.55,14.11km - $3.46,13.10km - $3.36,6.03km - $2.45,7.07km - $2.61,7.79km - $2.72,5.94km - $2.44,4.86km - $2.30,3.86km - $2.30,3.43km - $2.30,1.91km - $2.30,0.00km - $0.00,0.76km - $2.30,2.62km - $2.30,4.46km - $2.30,6.04km - $2.46,7.00km - $2.60,8.50km - $2.82
Langara-49th Avenue,31.27km - $4.40,28.80km - $4.40,28.18km - $4.40,25.29km - $4.40,23.27km - $4.40,20.84km - $3.84,19.52km - $3.78,18.74km - $3.74,17.07km - $3.65,15.84km - $3.59,14.97km - $3.55,13.02km - $3.35,10.26km - $3.08,9.19km - $2.93,8.54km - $2.83,8.16km - $2.77,7.26km - $2.64,26.36km - $4.40,24.69km - $4.40,28.47km - $4.40,29.60km - $4.40,33.57km - $4.40,34.70km - $4.40,35.53km - $4.40,36.75km - $4.40,37.36km - $4.40,35.89km - $4.40,33.87km - $4.40,32.59km - $4.40,28.30km - $4.40,23.14km - $4.40,21.24km - $3.86,19.79km - $3.79,18.32km - $3.72,17.41km - $3.67,15.78km - $3.59,14.88km - $3.54,13.86km - $3.44,5.26km - $2.34,6.31km - $2.50,7.03km - $2.60,6.70km - $2.56,5.63km - $2.39,4.62km - $2.30,4.19km - $2.30,2.67km - $2.30,0.76km - $2.30,0.00km - $0.00,1.85km - $2.30,3.69km - $2.30,5.27km - $2.34,6.23km - $2.49,7.73km - $2.71
Marine Drive,33.12km - $4.40,30.65km - $4.40,30.04km - $4.40,27.14km - $4.40,25.12km - $4.40,22.69km - $4.40,21.38km - $3.87,20.59km - $3.83,18.92km - $3.75,17.69km - $3.68,16.83km - $3.64,14.87km - $3.54,12.11km - $3.26,11.05km - $3.15,10.39km - $3.09,10.01km - $3.05,9.11km - $2.92,28.22km - $4.40,26.55km - $4.40,30.33km - $4.40,31.45km - $4.40,35.43km - $4.40,36.55km - $4.40,37.39km - $4.40,38.61km - $4.40,39.21km - $4.40,37.74km - $4.40,35.72km - $4.40,34.44km - $4.40,30.15km - $4.40,25.00km - $4.40,23.10km - $4.40,21.64km - $3.88,20.17km - $3.81,19.26km - $3.76,17.64km - $3.68,16.73km - $3.64,15.72km - $3.59,3.41km - $2.30,4.46km - $2.30,5.18km - $2.33,8.55km - $2.83,7.48km - $2.67,6.47km - $2.52,6.04km - $2.46,4.52km - $2.30,2.62km - $2.30,1.85km - $2.30,0.00km - $0.00,1.84km - $2.30,3.42km - $2.30,4.38km - $2.30,5.88km - $2.43
Bridgeport,34.96km - $4.40,32.50km - $4.40,31.88km - $4.40,28.99km - $4.40,26.97km - $4.40,24.53km - $4.40,23.22km - $4.40,22.43km - $4.40,20.76km - $3.84,19.54km - $3.78,18.67km - $3.73,16.72km - $3.64,13.95km - $3.45,12.89km - $3.34,12.24km - $3.27,11.85km - $3.24,10.95km - $3.15,30.06km - $4.40,28.39km - $4.40,32.17km - $4.40,33.29km - $4.40,37.27km - $4.40,38.39km - $4.40,39.23km - $4.40,40.45km - $4.40,41.05km - $4.40,39.58km - $4.40,37.57km - $4.40,36.28km - $4.40,32.00km - $4.40,26.84km - $4.40,24.94km - $4.40,23.48km - $4.40,22.01km - $4.40,21.11km - $3.86,19.48km - $3.77,18.57km - $3.73,17.56km - $3.68,1.57km - $2.30,2.61km - $2.30,3.33km - $2.30,10.40km - $3.09,9.32km - $2.95,8.32km - $2.80,7.89km - $2.73,6.37km - $2.51,4.46km - $2.30,3.69km - $2.30,1.84km - $2.30,0.00km - $0.00,1.58km - $2.30,2.54km - $2.30,4.04km - $2.30
Templeton,36.54km - $4.40,34.08km - $4.40,33.46km - $4.40,30.57km - $4.40,28.55km - $4.40,26.11km - $4.40,24.80km - $4.40,24.01km - $4.40,22.34km - $4.40,21.12km - $3.86,20.25km - $3.81,18.30km - $3.71,15.53km - $3.58,14.47km - $3.50,13.82km - $3.43,13.43km - $3.39,12.53km - $3.30,31.64km - $4.40,29.97km - $4.40,33.75km - $4.40,34.87km - $4.40,38.85km - $4.40,39.97km - $4.40,40.81km - $4.40,42.03km - $4.40,42.63km - $4.40,41.16km - $4.40,39.15km - $4.40,37.86km - $4.40,33.58km - $4.40,28.42km - $4.40,26.52km - $4.40,25.06km - $4.40,23.59km - $4.40,22.69km - $4.40,21.06km - $3.85,20.15km - $3.81,19.14km - $3.76,3.15km - $2.30,4.19km - $2.30,4.91km - $2.30,11.98km - $3.25,10.90km - $3.14,9.90km - $3.03,9.47km - $2.97,7.95km - $2.74,6.04km - $2.46,5.27km - $2.34,3.42km - $2.30,1.58km - $2.30,0.00km - $0.00,0.96km - $2.30,2.46km - $2.30
Sea Island Centre,37.50km - $4.40,35.04km - $4.40,34.42km - $4.40,31.53km - $4.40,29.51km - $4.40,27.07km - $4.40,25.76km - $4.40,24.97km - $4.40,23.30km - $4.40,22.08km - $4.40,21.21km - $3.86,19.26km - $3.76,16.49km - $3.62,15.43km - $3.57,14.78km - $3.53,14.39km - $3.49,13.49km - $3.40,32.60km - $4.40,30.93km - $4.40,34.71km - $4.40,35.83km - $4.40,39.81km - $4.40,40.93km - $4.40,41.77km - $4.40,42.99km - $4.40,43.59km - $4.40,42.12km - $4.40,40.11km - $4.40,38.82km - $4.40,34.54km - $4.40,29.38km - $4.40,27.48km - $4.40,26.02km - $4.40,24.55km - $4.40,23.65km - $4.40,22.02km - $4.40,21.11km - $3.86,20.10km - $3.80,4.11km - $2.30,5.15km - $2.32,5.87km - $2.43,12.94km - $3.34,11.86km - $3.24,10.86km - $3.14,10.43km - $3.09,8.91km - $2.89,7.00km - $2.60,6.23km - $2.49,4.38km - $2.30,2.54km - $2.30,0.96km - $2.30,0.00km - $0.00,1.50km - $2.30
YVR–Airport,39.00km - $4.40,36.53km - $4.40,35.92km - $4.40,33.02km - $4.40,31.01km - $4.40,28.57km - $4.40,27.26km - $4.40,26.47km - $4.40,24.80km - $4.40,23.58km - $4.40,22.71km - $4.40,20.75km - $3.84,17.99km - $3.70,16.93km - $3.65,16.28km - $3.61,15.89km - $3.59,14.99km - $3.55,34.10km - $4.40,32.43km - $4.40,36.21km - $4.40,37.33km - $4.40,41.31km - $4.40,42.43km - $4.40,43.27km - $4.40,44.49km - $4.40,45.09km - $4.40,43.62km - $4.40,41.60km - $4.40,40.32km - $4.40,36.04km - $4.40,30.88km - $4.40,28.98km - $4.40,27.52km - $4.40,26.05km - $4.40,25.15km - $4.40,23.52km - $4.40,22.61km - $4.40,21.60km - $3.88,5.61km - $2.39,6.65km - $2.55,7.37km - $2.66,14.44km - $3.49,13.36km - $3.39,12.35km - $3.29,11.93km - $3.24,10.41km - $3.09,8.50km - $2.82,7.73km - $2.71,5.88km - $2.43,4.04km - $2.30,2.46km - $2.30,1.50km - $2.30,0.00km - $0.00
